step,u_max,rho_mean,particle_count,particle_speed_mean,particle_speed_max,generated_particles,removed_particles
15,0.0063566558844245615,1.0033864257147722,0,0.0,0.0,0,0
25,0.00604473694363296,1.005562621907114,0,0.0,0.0,0,0
